{
  "epsg": 3857,
  "xsize": 100000,
  "ysize": 100000,
  "extent": [-12605473.583906457, -12388791.477779973, 4227951.833498355, 4441573.141571028],
  "root": "cognition-grid-test"
}